archive,member_path,member_size,packaged_sha256,canonical_exists,canonical_size,canonical_sha256,status
AI-IDP-01-ARXIV-PAPER.zip,paper/AI_ASSISTANCE_DISCLOSURE.md,2326,3846EE6D264C70E9617E4E4C170F40839AF6E6AE2D9E06CBE5A1FA35B05D17FA,True,2326,3846EE6D264C70E9617E4E4C170F40839AF6E6AE2D9E06CBE5A1FA35B05D17FA,MATCH
AI-IDP-01-ARXIV-PAPER.zip,paper/AUTHOR_CONTRIBUTIONS.md,1884,E13612A1A54C64F78AA19C54CE868ADE114C6F34BC5BEC8A6BE8C6FA87D590C7,True,1884,E13612A1A54C64F78AA19C54CE868ADE114C6F34BC5BEC8A6BE8C6FA87D590C7,MATCH
AI-IDP-01-ARXIV-PAPER.zip,paper/COMPETING_INTERESTS.md,1183,357F1A25077B847C04D1F3589620484E073185E7DBC509726DF624DE01D49E9B,True,1183,357F1A25077B847C04D1F3589620484E073185E7DBC509726DF624DE01D49E9B,MATCH
AI-IDP-01-ARXIV-PAPER.zip,paper/DATA_AND_CODE_AVAILABILITY.md,2010,F15E4BC10AA82CD625AE335E1A01ACDB27640E376082423A3244BE7EFB0CD8CD,True,2010,F15E4BC10AA82CD625AE335E1A01ACDB27640E376082423A3244BE7EFB0CD8CD,MATCH
AI-IDP-01-ARXIV-PAPER.zip,paper/README_SUBMISSION.md,5370,1553124915AB19FAD288C8E240F79BC9E0F36C29D6CB9F3268DB57FBD7C00504,True,5370,1553124915AB19FAD288C8E240F79BC9E0F36C29D6CB9F3268DB57FBD7C00504,MATCH
AI-IDP-01-ARXIV-PAPER.zip,paper/REPRODUCIBILITY_STATEMENT.md,1946,FBDA1836BED921AEB728F84E7DAA9247BD88A7C2B0210D2748C13437BAD38F02,True,1946,FBDA1836BED921AEB728F84E7DAA9247BD88A7C2B0210D2748C13437BAD38F02,MATCH
AI-IDP-01-ARXIV-PAPER.zip,paper/aegis-trace-arxiv.pdf,90633,1D647F0E8D773B09729B1312A1494A7CD501EA8F7596F48E37F0039DDD9680B1,True,90633,1D647F0E8D773B09729B1312A1494A7CD501EA8F7596F48E37F0039DDD9680B1,MATCH
AI-IDP-01-ARXIV-PAPER.zip,paper/arxiv_metadata.md,1480,203C1FC98A3205B7CA8D78B01784FC5182871A550132214DD556B179C24A57A5,True,1480,203C1FC98A3205B7CA8D78B01784FC5182871A550132214DD556B179C24A57A5,MATCH
AI-IDP-01-ARXIV-PAPER.zip,paper/author_metadata.md,1662,D8BF55F674D9A149E6FCE4FA2ABAD2504F08516A360D31B0AE1608B9BB13E0E0,True,1662,D8BF55F674D9A149E6FCE4FA2ABAD2504F08516A360D31B0AE1608B9BB13E0E0,MATCH
AI-IDP-01-ARXIV-PAPER.zip,paper/main.pdf,90633,1D647F0E8D773B09729B1312A1494A7CD501EA8F7596F48E37F0039DDD9680B1,True,90633,1D647F0E8D773B09729B1312A1494A7CD501EA8F7596F48E37F0039DDD9680B1,MATCH
AI-IDP-01-ARXIV-PAPER.zip,paper/main.tex,41411,06B493AFDEF9C7AC428D2464E354E621CA5E834F55151235A3155C68DF8C0EA0,True,41411,06B493AFDEF9C7AC428D2464E354E621CA5E834F55151235A3155C68DF8C0EA0,MATCH
AI-IDP-01-ARXIV-PAPER.zip,paper/references.bib,15624,D3079444D1E64188D134A2ADCE0D5D1B86A033CB484045177D486C351F22826C,True,15624,D3079444D1E64188D134A2ADCE0D5D1B86A033CB484045177D486C351F22826C,MATCH
AI-IDP-02-SOURCE-CODE.zip,.github/workflows/ci.yml,848,39FD34212EB0262BBB0856E60F375299714BB98BE3FDBBB4661B9C40ABF9C485,True,848,39FD34212EB0262BBB0856E60F375299714BB98BE3FDBBB4661B9C40ABF9C485,MATCH
AI-IDP-02-SOURCE-CODE.zip,Dockerfile,1225,96C1CC5973C195783C81C386343CE3DA9440842636FB26825185598DA4AC195A,True,1225,96C1CC5973C195783C81C386343CE3DA9440842636FB26825185598DA4AC195A,MATCH
AI-IDP-02-SOURCE-CODE.zip,Makefile,1814,CCFF6A75B0D5D796BB8A8805A6885ED559C5D95B5B3A9675C41C39F42770D61D,True,1814,CCFF6A75B0D5D796BB8A8805A6885ED559C5D95B5B3A9675C41C39F42770D61D,MATCH
AI-IDP-02-SOURCE-CODE.zip,compose.yaml,793,54733F03CE2E8FAD7C43A95D1B043BD870E49915C8E0F52291D17D9B154912B7,True,793,54733F03CE2E8FAD7C43A95D1B043BD870E49915C8E0F52291D17D9B154912B7,MATCH
AI-IDP-02-SOURCE-CODE.zip,pyproject.toml,1935,399586A7B6233DB662C3778AFEA074949256D07047712BEAAF899821C1258FAB,True,1935,399586A7B6233DB662C3778AFEA074949256D07047712BEAAF899821C1258FAB,MATCH
AI-IDP-02-SOURCE-CODE.zip,scripts/build_government_pdfs.py,25713,514A19D32002144573963D8FC128D803D375CD80A8A71251A0903E73B5D793DE,True,25713,514A19D32002144573963D8FC128D803D375CD80A8A71251A0903E73B5D793DE,MATCH
AI-IDP-02-SOURCE-CODE.zip,scripts/build_next_ai_handoff.py,51074,208E544727F03E871A0D279D37482874E48122769C01347A0D43DCAF459BF89C,True,51074,208E544727F03E871A0D279D37482874E48122769C01347A0D43DCAF459BF89C,MATCH
AI-IDP-02-SOURCE-CODE.zip,scripts/build_release_derivatives.py,24667,EB20BDD22677073C07D69D061165E6BF2060668A63B735CF2D03C6CF65EBD780,True,24667,EB20BDD22677073C07D69D061165E6BF2060668A63B735CF2D03C6CF65EBD780,MATCH
AI-IDP-02-SOURCE-CODE.zip,scripts/rebuild_numbered_archives.py,6017,50E93C2711AE1B0B92E096088043F4C03EDC87ABAE6E4A5E2425B5751A2F600B,True,6017,50E93C2711AE1B0B92E096088043F4C03EDC87ABAE6E4A5E2425B5751A2F600B,MATCH
AI-IDP-02-SOURCE-CODE.zip,scripts/reconcile_release_checksums.py,4093,0BC12F7C26BA4D71E48440AB52E350AC545213B4A6E7315DA629FA5B3D203960,True,4093,0BC12F7C26BA4D71E48440AB52E350AC545213B4A6E7315DA629FA5B3D203960,MATCH
AI-IDP-02-SOURCE-CODE.zip,src/aegistrace/__init__.py,4613,F00215C38A656A176D81F012268B5ED2061A0A91F9E887099F5C9F15EECCF0A8,True,4613,F00215C38A656A176D81F012268B5ED2061A0A91F9E887099F5C9F15EECCF0A8,MATCH
AI-IDP-02-SOURCE-CODE.zip,src/aegistrace/adapters/__init__.py,435,35EE6D4B27AEAC9981EAC4E3946B81855A16311F674F7D41D97E1FAEB82990AB,True,435,35EE6D4B27AEAC9981EAC4E3946B81855A16311F674F7D41D97E1FAEB82990AB,MATCH
AI-IDP-02-SOURCE-CODE.zip,src/aegistrace/adapters/database.py,3451,BDD606A218642A2F62C6EF5FEB0763AC4A5488794D7235140F9F81EEC05215FA,True,3451,BDD606A218642A2F62C6EF5FEB0763AC4A5488794D7235140F9F81EEC05215FA,MATCH
AI-IDP-02-SOURCE-CODE.zip,src/aegistrace/adapters/filesystem.py,3227,D942383A8F75428D31C5CCB74C278224EEA994DC0DDAFFA0D2E6746C2DF4DB45,True,3227,D942383A8F75428D31C5CCB74C278224EEA994DC0DDAFFA0D2E6746C2DF4DB45,MATCH
AI-IDP-02-SOURCE-CODE.zip,src/aegistrace/adapters/git.py,2981,2D0D99A0322D5DA8DDFF4C1843F7009B765A10FAC79819022581149C0BF123A7,True,2981,2D0D99A0322D5DA8DDFF4C1843F7009B765A10FAC79819022581149C0BF123A7,MATCH
AI-IDP-02-SOURCE-CODE.zip,src/aegistrace/adapters/github.py,4793,F3932E078DAD2BBFCEFAACA399AFCAF8B72FE9A30B954234C0FE88068BCA50D7,True,4793,F3932E078DAD2BBFCEFAACA399AFCAF8B72FE9A30B954234C0FE88068BCA50D7,MATCH
AI-IDP-02-SOURCE-CODE.zip,src/aegistrace/adapters/github_remote.py,15385,E82E2F207D77547768F658914E9C94847FF27E4A71742A5F116760D91EBA98C0,True,15385,E82E2F207D77547768F658914E9C94847FF27E4A71742A5F116760D91EBA98C0,MATCH
AI-IDP-02-SOURCE-CODE.zip,src/aegistrace/adapters/mcp.py,1561,782B237B95AE54AD2A6EBAE49E19D8A0BFBEEC7292C6EC94767757024B3C7518,True,1561,782B237B95AE54AD2A6EBAE49E19D8A0BFBEEC7292C6EC94767757024B3C7518,MATCH
AI-IDP-02-SOURCE-CODE.zip,src/aegistrace/adapters/otel.py,8095,3625C7EA36E6B4F70C4CEF1EDC5A1350856423542A5FEF0E3B470B65B7B05016,True,8095,3625C7EA36E6B4F70C4CEF1EDC5A1350856423542A5FEF0E3B470B65B7B05016,MATCH
AI-IDP-02-SOURCE-CODE.zip,src/aegistrace/api/__init__.py,430,67ADFFBDD9FF2F9D010A72F548A48F44C42D0B4178DF74BF9710E8D30B07FBBD,True,430,67ADFFBDD9FF2F9D010A72F548A48F44C42D0B4178DF74BF9710E8D30B07FBBD,MATCH
AI-IDP-02-SOURCE-CODE.zip,src/aegistrace/api/server.py,5243,491FBF0BFD2A6C0EB46C564321F9C948B4EB59784BF60BFAD346629B1FBFEE69,True,5243,491FBF0BFD2A6C0EB46C564321F9C948B4EB59784BF60BFAD346629B1FBFEE69,MATCH
AI-IDP-02-SOURCE-CODE.zip,src/aegistrace/authorization/__init__.py,440,8C21AFA2D2F38EAEECCC2A9BAD3D46362AD362F94A7EE28DC72348116D3547C9,True,440,8C21AFA2D2F38EAEECCC2A9BAD3D46362AD362F94A7EE28DC72348116D3547C9,MATCH
AI-IDP-02-SOURCE-CODE.zip,src/aegistrace/authorization/engine.py,9292,8015C709CC99709FE428EB320060671532C65EBF0694BD523F732FBFF5F80BF6,True,9292,8015C709CC99709FE428EB320060671532C65EBF0694BD523F732FBFF5F80BF6,MATCH
AI-IDP-02-SOURCE-CODE.zip,src/aegistrace/cli/__init__.py,430,384C7AE9C8B10FC3D767DB5E987FBDFB874D6F806A733AFBDDDEF21612525E88,True,430,384C7AE9C8B10FC3D767DB5E987FBDFB874D6F806A733AFBDDDEF21612525E88,MATCH
AI-IDP-02-SOURCE-CODE.zip,src/aegistrace/cli/__main__.py,1478,50EA3FDB948DE4BD91C47075913C9A960540DA2AE1FC865446B4190A47006688,True,1478,50EA3FDB948DE4BD91C47075913C9A960540DA2AE1FC865446B4190A47006688,MATCH
AI-IDP-02-SOURCE-CODE.zip,src/aegistrace/cli/admin.py,7104,ED8A16437B79BE84BC3A317162FD035B86D507E0547AF53B5714DDED929065B7,True,7104,ED8A16437B79BE84BC3A317162FD035B86D507E0547AF53B5714DDED929065B7,MATCH
AI-IDP-02-SOURCE-CODE.zip,src/aegistrace/cli/audit.py,2006,A9C28F8D7E646DCFD77D14018AC515AEE6351FD6B187574B8D174735EE575035,True,2006,A9C28F8D7E646DCFD77D14018AC515AEE6351FD6B187574B8D174735EE575035,MATCH
AI-IDP-02-SOURCE-CODE.zip,src/aegistrace/cli/reconstruct.py,2908,ED5CB9DDC961F1695CACE546552FCA2ACB2C8414D6914A5A70FCDF93115C2334,True,2908,ED5CB9DDC961F1695CACE546552FCA2ACB2C8414D6914A5A70FCDF93115C2334,MATCH
AI-IDP-02-SOURCE-CODE.zip,src/aegistrace/cli/verify.py,2230,FAA50E8E84F78E4876FE30B3479D1B0C72CCC39145E7A0AA0DA282B9885C641F,True,2230,FAA50E8E84F78E4876FE30B3479D1B0C72CCC39145E7A0AA0DA282B9885C641F,MATCH
AI-IDP-02-SOURCE-CODE.zip,src/aegistrace/delegation/__init__.py,437,D9D4D8DFC9ED04114739CCA5EB0F14CBFB426A9DC87BDD36F122753BA75258AC,True,437,D9D4D8DFC9ED04114739CCA5EB0F14CBFB426A9DC87BDD36F122753BA75258AC,MATCH
AI-IDP-02-SOURCE-CODE.zip,src/aegistrace/delegation/broker.py,8640,C11502D5F98679E8B48A88E0F58CC5B12F39C522BC03C0BF11A0FD98398D0773,True,8640,C11502D5F98679E8B48A88E0F58CC5B12F39C522BC03C0BF11A0FD98398D0773,MATCH
AI-IDP-02-SOURCE-CODE.zip,src/aegistrace/events/__init__.py,433,07AB37D889E53B148B7510F078ADB3E20199A94B0DC6FD51D6D82D5875B94045,True,433,07AB37D889E53B148B7510F078ADB3E20199A94B0DC6FD51D6D82D5875B94045,MATCH
AI-IDP-02-SOURCE-CODE.zip,src/aegistrace/events/collector.py,4868,4B07F541C88E3F9A63F653327CC76BA83F4C0D2B509AEB3CD70310C66D6AA700,True,4868,4B07F541C88E3F9A63F653327CC76BA83F4C0D2B509AEB3CD70310C66D6AA700,MATCH
AI-IDP-02-SOURCE-CODE.zip,src/aegistrace/events/models.py,6678,1773026F9C97BCFB17E44627CEEE9611EB26BBBEAAAE7CDF2BAAF852D08D2E70,True,6678,1773026F9C97BCFB17E44627CEEE9611EB26BBBEAAAE7CDF2BAAF852D08D2E70,MATCH
AI-IDP-02-SOURCE-CODE.zip,src/aegistrace/identity/__init__.py,435,BB17438E23D93DD4D06681A84174EF73AAE652D6D93F5868E6A77428AA56729D,True,435,BB17438E23D93DD4D06681A84174EF73AAE652D6D93F5868E6A77428AA56729D,MATCH
AI-IDP-02-SOURCE-CODE.zip,src/aegistrace/identity/ids.py,2863,116529DA256E80C9A2FECC6E8078E22FB8D559217E2EC6EC50069C9FC1C23758,True,2863,116529DA256E80C9A2FECC6E8078E22FB8D559217E2EC6EC50069C9FC1C23758,MATCH
AI-IDP-02-SOURCE-CODE.zip,src/aegistrace/identity/keys.py,5105,0ABAF049990D72F7CEFA12E72BEAB4483B7B3EF7F7F09E8AC2A91E45B32BB184,True,5105,0ABAF049990D72F7CEFA12E72BEAB4483B7B3EF7F7F09E8AC2A91E45B32BB184,MATCH
AI-IDP-02-SOURCE-CODE.zip,src/aegistrace/identity/lifecycle.py,5038,13BB6B202C3359B793E7EAF5036460048829E59E48DF2BBB86AAC8E800F3BF3D,True,5038,13BB6B202C3359B793E7EAF5036460048829E59E48DF2BBB86AAC8E800F3BF3D,MATCH
AI-IDP-02-SOURCE-CODE.zip,src/aegistrace/ledger/__init__.py,433,4EEE0D6842AF2D226B67305523B25C65A54A01C44342B24B8C36F7EF45F6B5B1,True,433,4EEE0D6842AF2D226B67305523B25C65A54A01C44342B24B8C36F7EF45F6B5B1,MATCH
AI-IDP-02-SOURCE-CODE.zip,src/aegistrace/ledger/append_only.py,6182,D9661390AF242E20ED506944F0ED95C600C6F0034088B588AD5890B983F0F523,True,6182,D9661390AF242E20ED506944F0ED95C600C6F0034088B588AD5890B983F0F523,MATCH
AI-IDP-02-SOURCE-CODE.zip,src/aegistrace/ledger/batched.py,8787,0E549FAC16CA450D7A1619034F803786D4E8E26A99D8DF76AC0A9F9521F5C81E,True,8787,0E549FAC16CA450D7A1619034F803786D4E8E26A99D8DF76AC0A9F9521F5C81E,MATCH
AI-IDP-02-SOURCE-CODE.zip,src/aegistrace/ledger/merkle.py,2238,02259A270052471578DDAC0A193E624B03C359A06FC91074F93E9164F46389E1,True,2238,02259A270052471578DDAC0A193E624B03C359A06FC91074F93E9164F46389E1,MATCH
AI-IDP-02-SOURCE-CODE.zip,src/aegistrace/manifests/__init__.py,436,0B67802AA999551AA26EDF68DF237F1403530174B2009E2B075839280176CA44,True,436,0B67802AA999551AA26EDF68DF237F1403530174B2009E2B075839280176CA44,MATCH
AI-IDP-02-SOURCE-CODE.zip,src/aegistrace/manifests/resource.py,5563,73FD38F3C98763DF7B489C0025763142D0CBBA784720B2AE457850363F8593D2,True,5563,73FD38F3C98763DF7B489C0025763142D0CBBA784720B2AE457850363F8593D2,MATCH
AI-IDP-02-SOURCE-CODE.zip,src/aegistrace/registry/__init__.py,435,7DCE265FE48A40465EEC7AE0CC38B24CF6DEC1E36811998326DAE334738E7F06,True,435,7DCE265FE48A40465EEC7AE0CC38B24CF6DEC1E36811998326DAE334738E7F06,MATCH
AI-IDP-02-SOURCE-CODE.zip,src/aegistrace/registry/base.py,1424,42414D4E444E5E69D3CFA2AF232300E6875612B2F18F552DF20D29EAA32E0E02,True,1424,42414D4E444E5E69D3CFA2AF232300E6875612B2F18F552DF20D29EAA32E0E02,MATCH
AI-IDP-02-SOURCE-CODE.zip,src/aegistrace/registry/memory.py,803,D2FA31A18D783EEA10E84B8C3E3D1CB807699C5CBEF96A53A79BBA0218EFF202,True,803,D2FA31A18D783EEA10E84B8C3E3D1CB807699C5CBEF96A53A79BBA0218EFF202,MATCH
AI-IDP-02-SOURCE-CODE.zip,src/aegistrace/signing/__init__.py,434,23B59AEF5B49AF68E4814A5548E624E99B25BD72A25AB7170CA70F83B51FC741,True,434,23B59AEF5B49AF68E4814A5548E624E99B25BD72A25AB7170CA70F83B51FC741,MATCH
AI-IDP-02-SOURCE-CODE.zip,src/aegistrace/signing/canonical.py,2221,84576895E483B462C436A0CF54F731F3027007E19C4186569245F69840671110,True,2221,84576895E483B462C436A0CF54F731F3027007E19C4186569245F69840671110,MATCH
AI-IDP-02-SOURCE-CODE.zip,src/aegistrace/signing/ed25519.py,3145,C429923E6DA90F939112F48A806486091261E2AE3619087127CDDC7AEBB7E8EA,True,3145,C429923E6DA90F939112F48A806486091261E2AE3619087127CDDC7AEBB7E8EA,MATCH
AI-IDP-02-SOURCE-CODE.zip,src/aegistrace/signing/hsm.py,15804,D4AF5520A544DD92EBECA5A1ECEB5CB8CC15E54257B5A711412F51F49E8A44BF,True,15804,D4AF5520A544DD92EBECA5A1ECEB5CB8CC15E54257B5A711412F51F49E8A44BF,MATCH
AI-IDP-02-SOURCE-CODE.zip,src/aegistrace/signing/pqc.py,16028,E0D1F792F66191364F32AA2BE99F9D011C9D7FF4B0CAEFF6025700D0D8316AD8,True,16028,E0D1F792F66191364F32AA2BE99F9D011C9D7FF4B0CAEFF6025700D0D8316AD8,MATCH
AI-IDP-02-SOURCE-CODE.zip,src/aegistrace/storage/__init__.py,434,94762FA0C93AB1F3D4F53DE9B68C99973DFF2C104590F6E0559F27F5F9EBE16E,True,434,94762FA0C93AB1F3D4F53DE9B68C99973DFF2C104590F6E0559F27F5F9EBE16E,MATCH
AI-IDP-02-SOURCE-CODE.zip,src/aegistrace/storage/postgres.py,15138,70EB2671E5E75228631970310063B8ED83EB945B6E87DB39D7B9859938B50FC5,True,15138,70EB2671E5E75228631970310063B8ED83EB945B6E87DB39D7B9859938B50FC5,MATCH
AI-IDP-02-SOURCE-CODE.zip,src/aegistrace/storage/sqlite.py,4434,9668C902EC2FE33AA5132C18C0C7CC623A3AD48FE3C2A4062032FD95C8E56963,True,4434,9668C902EC2FE33AA5132C18C0C7CC623A3AD48FE3C2A4062032FD95C8E56963,MATCH
AI-IDP-02-SOURCE-CODE.zip,tests/conformance/test_conformance.py,7318,71C15E999CEE8CA6F8A2C1BC2C0C2FA9A2E7E87DF30A03C913623F3E2AEE4FA4,True,7318,71C15E999CEE8CA6F8A2C1BC2C0C2FA9A2E7E87DF30A03C913623F3E2AEE4FA4,MATCH
AI-IDP-02-SOURCE-CODE.zip,tests/conftest.py,671,E58D7BFCD1C6FE1069C0723259CBAC612F25AFB61A78235AD5A0965FBE8513EA,True,671,E58D7BFCD1C6FE1069C0723259CBAC612F25AFB61A78235AD5A0965FBE8513EA,MATCH
AI-IDP-02-SOURCE-CODE.zip,tests/integration/test_lifecycle.py,13789,8402E9EC5659153C631CDC3558EC11DA7E4345FB443D1F48395E75DE66EBAC42,True,13789,8402E9EC5659153C631CDC3558EC11DA7E4345FB443D1F48395E75DE66EBAC42,MATCH
AI-IDP-02-SOURCE-CODE.zip,tests/permanence/test_permanence.py,7806,6650E572FCB81D5FC5FC7ADCB7D407DC56A59037900F5CD2BD568DEB260D9CF9,True,7806,6650E572FCB81D5FC5FC7ADCB7D407DC56A59037900F5CD2BD568DEB260D9CF9,MATCH
AI-IDP-02-SOURCE-CODE.zip,tests/privacy/test_redaction.py,5198,DDE7373D68A9E7D71B4F38BD0E38FA7CC3AFA109C41B3975EDF6D86D5EBA4F03,True,5198,DDE7373D68A9E7D71B4F38BD0E38FA7CC3AFA109C41B3975EDF6D86D5EBA4F03,MATCH
AI-IDP-02-SOURCE-CODE.zip,tests/security/test_attacks.py,10070,D1EB2A298C29E2580EA11A0B9B9FA8C519A17BF1907DDD4B68CA3CCAFC4A6C2A,True,10070,D1EB2A298C29E2580EA11A0B9B9FA8C519A17BF1907DDD4B68CA3CCAFC4A6C2A,MATCH
AI-IDP-02-SOURCE-CODE.zip,tests/unit/test_authorization.py,5564,AEF8ACDE5A095F6D017FCE67B2F796EB1ECD5B7AD6B88659A30387A78C168213,True,5564,AEF8ACDE5A095F6D017FCE67B2F796EB1ECD5B7AD6B88659A30387A78C168213,MATCH
AI-IDP-02-SOURCE-CODE.zip,tests/unit/test_delegation.py,3796,97D379541B2AD2F5D73FA04A579902DB1F26543DC661C86DC1D36C5ABF275FA2,True,3796,97D379541B2AD2F5D73FA04A579902DB1F26543DC661C86DC1D36C5ABF275FA2,MATCH
AI-IDP-02-SOURCE-CODE.zip,tests/unit/test_identity.py,6141,FB94C6B9158C9561CD519A9E8B4E20269757D8CEF80CC5EB587D31374FF8938F,True,6141,FB94C6B9158C9561CD519A9E8B4E20269757D8CEF80CC5EB587D31374FF8938F,MATCH
AI-IDP-02-SOURCE-CODE.zip,tests/unit/test_ledger.py,5261,1CBD271FDC2E95DC23AEFD1A5E52CC7E35FAE0ACC14EF7E1AC3C559FA5F08D09,True,5261,1CBD271FDC2E95DC23AEFD1A5E52CC7E35FAE0ACC14EF7E1AC3C559FA5F08D09,MATCH
AI-IDP-02-SOURCE-CODE.zip,tests/unit/test_production_hardening.py,15029,93F586941F2DBF682BB4ABCC0EF4008F3C5A17BB8198590239EDAE77CA3E8625,True,15029,93F586941F2DBF682BB4ABCC0EF4008F3C5A17BB8198590239EDAE77CA3E8625,MATCH
AI-IDP-02-SOURCE-CODE.zip,tests/unit/test_project_metadata.py,1635,65865A4F793DF4D63EDE9C666253F3C2CE355EB8DF86BE684D8A2350ED0EC8DE,True,1635,65865A4F793DF4D63EDE9C666253F3C2CE355EB8DF86BE684D8A2350ED0EC8DE,MATCH
AI-IDP-02-SOURCE-CODE.zip,tests/unit/test_signing.py,3597,33A671A8C684A1D27F6DF555239A66607683D222E5CC1B0D10EAAA4801DBADFF,True,3597,33A671A8C684A1D27F6DF555239A66607683D222E5CC1B0D10EAAA4801DBADFF,MATCH
AI-IDP-03-SPECS-SCHEMAS.zip,schemas/agent-instance.schema.json,3269,9590AB3DC95AC3EE21B7B0F31542EE49CB67BD5DF525C3BD2D7F9C38D9AB7A84,True,3269,9590AB3DC95AC3EE21B7B0F31542EE49CB67BD5DF525C3BD2D7F9C38D9AB7A84,MATCH
AI-IDP-03-SPECS-SCHEMAS.zip,schemas/agent.schema.json,3012,9454D492C820F8EBF142EBF00693593F0F48315FACDD8541943FA2050C23BE03,True,3012,9454D492C820F8EBF142EBF00693593F0F48315FACDD8541943FA2050C23BE03,MATCH
AI-IDP-03-SPECS-SCHEMAS.zip,schemas/authorization.schema.json,3150,94554A2758E3E57FCB12214807D4B3AB9E5C43569D172A3CC7C7F7E42A3D0369,True,3150,94554A2758E3E57FCB12214807D4B3AB9E5C43569D172A3CC7C7F7E42A3D0369,MATCH
AI-IDP-03-SPECS-SCHEMAS.zip,schemas/controller.schema.json,2704,43CC6D0FA7D35A933B8FA8599C18CDFE7E436E0A7DC52609A35235F60D0CAC07,True,2704,43CC6D0FA7D35A933B8FA8599C18CDFE7E436E0A7DC52609A35235F60D0CAC07,MATCH
AI-IDP-03-SPECS-SCHEMAS.zip,schemas/delegation.schema.json,4443,267AD5BF7C57C821603C0211267E32F0B2A3477F14691AD9F4D4D2F964E40E03,True,4443,267AD5BF7C57C821603C0211267E32F0B2A3477F14691AD9F4D4D2F964E40E03,MATCH
AI-IDP-03-SPECS-SCHEMAS.zip,schemas/deployment.schema.json,2791,0BD181F46B64428B3A4F9017383872A9A70E2A2914D7E45642ECAC1954CD9851,True,2791,0BD181F46B64428B3A4F9017383872A9A70E2A2914D7E45642ECAC1954CD9851,MATCH
AI-IDP-03-SPECS-SCHEMAS.zip,schemas/event.schema.json,6040,61892742E0B9A6E5C71F1294104476EF9E8240A6C4AA0EF430E9FC0C47E8E63A,True,6040,61892742E0B9A6E5C71F1294104476EF9E8240A6C4AA0EF430E9FC0C47E8E63A,MATCH
AI-IDP-03-SPECS-SCHEMAS.zip,schemas/jurisdiction.schema.json,2642,1259A8A8D6B8C952644F27205D2047E5FF2C67EAE1C07495EF0792A93DA3FEB5,True,2642,1259A8A8D6B8C952644F27205D2047E5FF2C67EAE1C07495EF0792A93DA3FEB5,MATCH
AI-IDP-03-SPECS-SCHEMAS.zip,schemas/model.schema.json,2851,673485D9CAE0EECF18FB82BF0B1248ED82CF48008BCE67AD05D91143128EB943,True,2851,673485D9CAE0EECF18FB82BF0B1248ED82CF48008BCE67AD05D91143128EB943,MATCH
AI-IDP-03-SPECS-SCHEMAS.zip,schemas/principal.schema.json,2646,4D6C5A5F9CD141A6C18715210A182CB63D3FAEA5A36E2843B9D7A266120F247A,True,2646,4D6C5A5F9CD141A6C18715210A182CB63D3FAEA5A36E2843B9D7A266120F247A,MATCH
AI-IDP-03-SPECS-SCHEMAS.zip,schemas/provider.schema.json,2831,9DFB175FDCA0849C21771247B8B210358726C423798CB7243C2DF484CC334590,True,2831,9DFB175FDCA0849C21771247B8B210358726C423798CB7243C2DF484CC334590,MATCH
AI-IDP-03-SPECS-SCHEMAS.zip,schemas/quality-evidence.schema.json,3523,9175BEBC03E739666A39CF6B8648DB5CE0EE929F371C5A07EB1E8C5B1943E0B5,True,3523,9175BEBC03E739666A39CF6B8648DB5CE0EE929F371C5A07EB1E8C5B1943E0B5,MATCH
AI-IDP-03-SPECS-SCHEMAS.zip,schemas/resource.schema.json,3088,8D39726BA145BD1AE6CC11297E3DF2D9A489322B9DBD10C440E7F55B87771665,True,3088,8D39726BA145BD1AE6CC11297E3DF2D9A489322B9DBD10C440E7F55B87771665,MATCH
AI-IDP-03-SPECS-SCHEMAS.zip,schemas/task.schema.json,2793,EC3578232CF709EE551EB3BF3F6442A4E39BF4C7A7E0197B0E7579A6BD04DE9B,True,2793,EC3578232CF709EE551EB3BF3F6442A4E39BF4C7A7E0197B0E7579A6BD04DE9B,MATCH
AI-IDP-03-SPECS-SCHEMAS.zip,spec/ACTOR_MODEL.md,8858,0C89ECFE7E39AD43E2B6D15EFF6CE2A6675850B98411CD82E9531018C54969B7,True,8858,0C89ECFE7E39AD43E2B6D15EFF6CE2A6675850B98411CD82E9531018C54969B7,MATCH
AI-IDP-03-SPECS-SCHEMAS.zip,spec/AI-IDP-CANADA.md,12802,CB77F0D84910C602F8B1854FB8F39BD5BCF067C7244D9DE3EC5D9DCDDF3BDBB0,True,12802,CB77F0D84910C602F8B1854FB8F39BD5BCF067C7244D9DE3EC5D9DCDDF3BDBB0,MATCH
AI-IDP-03-SPECS-SCHEMAS.zip,spec/AI-IDP-CORE.md,15584,C03AFF584A58D2C6B1BE7BD841916CFC4879F118A7E41E9EBB3AFD9F2FCE346C,True,15584,C03AFF584A58D2C6B1BE7BD841916CFC4879F118A7E41E9EBB3AFD9F2FCE346C,MATCH
AI-IDP-03-SPECS-SCHEMAS.zip,spec/APPROVAL_PROTOCOL.md,3810,B4ADDCD83293AB7076D58E1CB14B2043A1EDCD56D620EA6E2DE79982185F06DF,True,3810,B4ADDCD83293AB7076D58E1CB14B2043A1EDCD56D620EA6E2DE79982185F06DF,MATCH
AI-IDP-03-SPECS-SCHEMAS.zip,spec/AUDIT_PROTOCOL.md,3938,2B2D898EFAC5DA3D6B3E23A23E0ADB87AE01262B4ACA7294076D07DAC0B9898A,True,3938,2B2D898EFAC5DA3D6B3E23A23E0ADB87AE01262B4ACA7294076D07DAC0B9898A,MATCH
AI-IDP-03-SPECS-SCHEMAS.zip,spec/AUTHORIZATION_PROTOCOL.md,5546,4BF25B16331FCCDA1F9A556B529D0B62F4B24B0B7489D31DE533AEF1D9CAB52E,True,5546,4BF25B16331FCCDA1F9A556B529D0B62F4B24B0B7489D31DE533AEF1D9CAB52E,MATCH
AI-IDP-03-SPECS-SCHEMAS.zip,spec/CERTIFICATION_PROTOCOL.md,3241,5916DFB68C51A1A8A39FE41E1CA0D7388CE88EBAE6C78A1A9286856FA4C29E65,True,3241,5916DFB68C51A1A8A39FE41E1CA0D7388CE88EBAE6C78A1A9286856FA4C29E65,MATCH
AI-IDP-03-SPECS-SCHEMAS.zip,spec/CONFORMANCE_LEVELS.md,3665,DD91A12CFCC423A07EE6B5EAE85F2EC2DA367CD4E6F0EA66F3E5A522A512236E,True,3665,DD91A12CFCC423A07EE6B5EAE85F2EC2DA367CD4E6F0EA66F3E5A522A512236E,MATCH
AI-IDP-03-SPECS-SCHEMAS.zip,spec/CORRECTION_PROTOCOL.md,2745,2BB78F03EDEECA9A6DF2F03C3B59D49DD709AA6949C816B52291E6D233477BFB,True,2745,2BB78F03EDEECA9A6DF2F03C3B59D49DD709AA6949C816B52291E6D233477BFB,MATCH
AI-IDP-03-SPECS-SCHEMAS.zip,spec/DELEGATION_PROTOCOL.md,6868,52959C5439E89D59D2DBD7310490D7C73AFF587967E31C8CE4CCB66A7723A86F,True,6868,52959C5439E89D59D2DBD7310490D7C73AFF587967E31C8CE4CCB66A7723A86F,MATCH
AI-IDP-03-SPECS-SCHEMAS.zip,spec/DISCLOSURE_PROTOCOL.md,3645,662E909ED30F44C6A6D7BBF3C3A2EB93CE3742BB288799C72500375575F9A75C,True,3645,662E909ED30F44C6A6D7BBF3C3A2EB93CE3742BB288799C72500375575F9A75C,MATCH
AI-IDP-03-SPECS-SCHEMAS.zip,spec/EVENT_PROTOCOL.md,7168,D18A191B9F4F773104AD96A8FF102B628C11F5DB5B5473C2ADDC0BC3F9D3254C,True,7168,D18A191B9F4F773104AD96A8FF102B628C11F5DB5B5473C2ADDC0BC3F9D3254C,MATCH
AI-IDP-03-SPECS-SCHEMAS.zip,spec/EXTENSION_POLICY.md,2522,D2261EA5E09418E80E32B751D28719531E441946B1DCEB94BCBFCF95FB7D03CF,True,2522,D2261EA5E09418E80E32B751D28719531E441946B1DCEB94BCBFCF95FB7D03CF,MATCH
AI-IDP-03-SPECS-SCHEMAS.zip,spec/FEDERATION_PROTOCOL.md,4357,70A6E5E3AB6DA4BC9302006383E719EFF3EA1E87FA53206F43187AB1E6A70072,True,4357,70A6E5E3AB6DA4BC9302006383E719EFF3EA1E87FA53206F43187AB1E6A70072,MATCH
AI-IDP-03-SPECS-SCHEMAS.zip,spec/IDENTITY_LIFECYCLE.md,5661,3962F20931E7626755EB372F49DD2EDBCA4C9E91388CB44973DA9985E620FDCF,True,5661,3962F20931E7626755EB372F49DD2EDBCA4C9E91388CB44973DA9985E620FDCF,MATCH
AI-IDP-03-SPECS-SCHEMAS.zip,spec/IDENTITY_PROTOCOL.md,6308,294927AD47F1E58404DA268754BA4C2C0961B87E6E60D7B7CAC11655C218BF94,True,6308,294927AD47F1E58404DA268754BA4C2C0961B87E6E60D7B7CAC11655C218BF94,MATCH
AI-IDP-03-SPECS-SCHEMAS.zip,spec/INCIDENT_PROTOCOL.md,4691,4381EC391186A16584F8937AACCF55BFD34BB4560F6BCC71FAF8A1A0083B1BCD,True,4691,4381EC391186A16584F8937AACCF55BFD34BB4560F6BCC71FAF8A1A0083B1BCD,MATCH
AI-IDP-03-SPECS-SCHEMAS.zip,spec/OFFLINE_PROTOCOL.md,3711,5ED16B53C7C806A9A950BD254F08095979719DEA25244F8712A87C924B3B730C,True,3711,5ED16B53C7C806A9A950BD254F08095979719DEA25244F8712A87C924B3B730C,MATCH
AI-IDP-03-SPECS-SCHEMAS.zip,spec/PERMANENT_RECORD_PROTOCOL.md,7278,710AD24C5E1503C6F975D7B147E23D338143B4F3D35DFE0C96C8DE79F7854DD5,True,7278,710AD24C5E1503C6F975D7B147E23D338143B4F3D35DFE0C96C8DE79F7854DD5,MATCH
AI-IDP-03-SPECS-SCHEMAS.zip,spec/QUALITY_EVIDENCE_PROTOCOL.md,5716,E4D2B90E3317B56DD33828A268C55E642322B761A59B0B205D01ACB71ACCDC3F,True,5716,E4D2B90E3317B56DD33828A268C55E642322B761A59B0B205D01ACB71ACCDC3F,MATCH
AI-IDP-03-SPECS-SCHEMAS.zip,spec/REGISTRY_PROTOCOL.md,7196,18817D684BD94BD5104792497C0F195734355F74706B96EE516026828B5E4C9A,True,7196,18817D684BD94BD5104792497C0F195734355F74706B96EE516026828B5E4C9A,MATCH
AI-IDP-03-SPECS-SCHEMAS.zip,spec/RESOURCE_TRACE_PROTOCOL.md,7159,8606FA1B3B8621BEF6F47557E3D0B251937734A97079899234B9A4EE496DE841,True,7159,8606FA1B3B8621BEF6F47557E3D0B251937734A97079899234B9A4EE496DE841,MATCH
AI-IDP-03-SPECS-SCHEMAS.zip,spec/REVOCATION_PROTOCOL.md,3694,6A52B918C2C1EED560B14055D765F122CAB79FC038B6AE3AB78DB05DD47C2419,True,3694,6A52B918C2C1EED560B14055D765F122CAB79FC038B6AE3AB78DB05DD47C2419,MATCH
AI-IDP-03-SPECS-SCHEMAS.zip,spec/TERMINOLOGY.md,13324,65AD51EA492464BFB413E9E3C8AFD6DBBDC824C037CF30A151FD061122741EB1,True,13324,65AD51EA492464BFB413E9E3C8AFD6DBBDC824C037CF30A151FD061122741EB1,MATCH
AI-IDP-03-SPECS-SCHEMAS.zip,spec/VERSIONING_POLICY.md,2408,DEFB6EAB80A508888268881A69D891E20D72B3B7E900943DC54F0BFA204F95A7,True,2408,DEFB6EAB80A508888268881A69D891E20D72B3B7E900943DC54F0BFA204F95A7,MATCH
AI-IDP-04-GOVERNMENT.zip,government/AIA_EXTENSION_PROPOSAL.md,3555,FAB8C44D44C85376CA05C674B62A6C31C3F87A2DCDD7EF7948EA94935ADE756C,True,3555,FAB8C44D44C85376CA05C674B62A6C31C3F87A2DCDD7EF7948EA94935ADE756C,MATCH
AI-IDP-04-GOVERNMENT.zip,government/CANADIAN_NATIONAL_PROJECT_PROPOSAL.docx,46795,95ECA776E4C4A6BE2215F31ADA9DA171B16AE5FC874E9998C31FF7429A8A88B8,True,46795,95ECA776E4C4A6BE2215F31ADA9DA171B16AE5FC874E9998C31FF7429A8A88B8,MATCH
AI-IDP-04-GOVERNMENT.zip,government/CANADIAN_NATIONAL_PROJECT_PROPOSAL.md,28190,A30E9FD95C966D206424A5D93CD9EC2136F5D96A1B5DC0E59ED7ED61A03A6C19,True,28190,A30E9FD95C966D206424A5D93CD9EC2136F5D96A1B5DC0E59ED7ED61A03A6C19,MATCH
AI-IDP-04-GOVERNMENT.zip,government/CANADIAN_NATIONAL_PROJECT_PROPOSAL.pdf,2962578,08BDABA5496D9D803404C02132BFD2A53F89E59B298B1EE24FBD24B4B3F91F74,True,2962578,08BDABA5496D9D803404C02132BFD2A53F89E59B298B1EE24FBD24B4B3F91F74,MATCH
AI-IDP-04-GOVERNMENT.zip,government/CANADIAN_POLICY_WHITE_PAPER.md,10897,0EDC4132FE5913697A921E79FDC830265D2DEAC0AF35B9B47AA247F0A0B6D96D,True,10897,0EDC4132FE5913697A921E79FDC830265D2DEAC0AF35B9B47AA247F0A0B6D96D,MATCH
AI-IDP-04-GOVERNMENT.zip,government/CANADIAN_POLICY_WHITE_PAPER.pdf,2948041,592D8C03E92DCFE6F0091ADC979EFFD8D786A44F6F4505AEE241611B4EFB6388,True,2948041,592D8C03E92DCFE6F0091ADC979EFFD8D786A44F6F4505AEE241611B4EFB6388,MATCH
AI-IDP-04-GOVERNMENT.zip,government/CHARTER_ANALYSIS.md,6900,92B17D84385CCC67EEBDA321DAB7039842C20205A037AD17900D1363EDFF01B4,True,6900,92B17D84385CCC67EEBDA321DAB7039842C20205A037AD17900D1363EDFF01B4,MATCH
AI-IDP-04-GOVERNMENT.zip,government/CHARTER_ANALYSIS.pdf,2945333,3705D5F2057C4789242BB025840DFC86F719DCC75F9796EC30D5F78698E22DBE,True,2945333,3705D5F2057C4789242BB025840DFC86F719DCC75F9796EC30D5F78698E22DBE,MATCH
AI-IDP-04-GOVERNMENT.zip,government/DOCUMENT_OFFICIEL_PROJET_FR.md,18240,AED365A7B7DD8B16C60892E9695594755324D51125912D14204831C5A5E545A2,True,18240,AED365A7B7DD8B16C60892E9695594755324D51125912D14204831C5A5E545A2,MATCH
AI-IDP-04-GOVERNMENT.zip,government/FEDERAL_PROCUREMENT_PROFILE.md,3597,CE2404D20029E321BC14E840E01C73FDD6E8F2228608C5C0166B92D5FBC32BDF,True,3597,CE2404D20029E321BC14E840E01C73FDD6E8F2228608C5C0166B92D5FBC32BDF,MATCH
AI-IDP-04-GOVERNMENT.zip,government/FEDERAL_PROVINCIAL_JURISDICTION_ANALYSIS.md,7966,57B82F66DF271719D62AFDCF476C38FB3212297FA37BAA2B477F93A111E03A3F,True,7966,57B82F66DF271719D62AFDCF476C38FB3212297FA37BAA2B477F93A111E03A3F,MATCH
AI-IDP-04-GOVERNMENT.zip,government/FEDERAL_PROVINCIAL_JURISDICTION_ANALYSIS.pdf,2945996,80287F3FEE883ABF0CED32E209A5C9255E33DEFDA853AFF07BE472FAB43A0845,True,2945996,80287F3FEE883ABF0CED32E209A5C9255E33DEFDA853AFF07BE472FAB43A0845,MATCH
AI-IDP-04-GOVERNMENT.zip,government/NOTE_DE_SYNTHESE_FR.md,9138,B5C857082F7E9A6D2E35C6E46E4086A934414B3204F30E3D0DACF565AF94CC66,True,9138,B5C857082F7E9A6D2E35C6E46E4086A934414B3204F30E3D0DACF565AF94CC66,MATCH
AI-IDP-04-GOVERNMENT.zip,government/NOTE_DE_SYNTHESE_FR.pdf,2949617,6ABA6842FC51CB8454F1739AA615F9B7194B2D045AD48DF51C9E02BBFAAFF774,True,2949617,6ABA6842FC51CB8454F1739AA615F9B7194B2D045AD48DF51C9E02BBFAAFF774,MATCH
AI-IDP-04-GOVERNMENT.zip,government/OFFICIAL_PROJECT_DOCUMENT_EN.md,14792,423D49AF27A80D1C2634EA8912FC3C9CE73ECE601D18D606FA6CCA5D6147973F,True,14792,423D49AF27A80D1C2634EA8912FC3C9CE73ECE601D18D606FA6CCA5D6147973F,MATCH
AI-IDP-04-GOVERNMENT.zip,government/PRIVACY_AND_HUMAN_RIGHTS_ANALYSIS.md,6540,70127810784D4D431962CA9CF04742F82FA3DF5389F5D23D20441F1B0ECDEEF1,True,6540,70127810784D4D431962CA9CF04742F82FA3DF5389F5D23D20441F1B0ECDEEF1,MATCH
AI-IDP-04-GOVERNMENT.zip,government/PRIVACY_AND_HUMAN_RIGHTS_ANALYSIS.pdf,2944479,8D39D6CB3285CBCB512EB27F60ED7CAC13B0E74365F102C8B3CF71F74F424135,True,2944479,8D39D6CB3285CBCB512EB27F60ED7CAC13B0E74365F102C8B3CF71F74F424135,MATCH
AI-IDP-04-GOVERNMENT.zip,government/PROPOSED_AI_ACTOR_IDENTITY_AND_TRACEABILITY_ACT.md,8083,3A1A1256A1BF8246765483F8E5D0E55A7D7B0974472150E729B75CA96A54723C,True,8083,3A1A1256A1BF8246765483F8E5D0E55A7D7B0974472150E729B75CA96A54723C,MATCH
AI-IDP-05-IMPACT-REPORTS.zip,impact/IMPACT_CANADIEN_FR.md,4589,3DA3C97CE67FAA74DE604CCD075FA32AA49E7DF879B3EB3FC0209488992BBABF,True,4589,3DA3C97CE67FAA74DE604CCD075FA32AA49E7DF879B3EB3FC0209488992BBABF,MATCH
AI-IDP-05-IMPACT-REPORTS.zip,impact/IMPACT_CANADIEN_FR.pdf,2944395,094790CFA8CD3627266EDFEAF53B30EA2EAE3FA206995474B4E7985B0339EFD4,True,2944395,094790CFA8CD3627266EDFEAF53B30EA2EAE3FA206995474B4E7985B0339EFD4,MATCH
AI-IDP-05-IMPACT-REPORTS.zip,impact/business-and-operations/BUSINESS_AND_OPERATIONS_IMPACT_REPORT.md,20345,06A2CF6BA80E9719E3BEF7CA9B176D2077F1CDF6D0772ABDF2E6D0CBB9EC144F,True,20345,06A2CF6BA80E9719E3BEF7CA9B176D2077F1CDF6D0772ABDF2E6D0CBB9EC144F,MATCH
AI-IDP-05-IMPACT-REPORTS.zip,impact/business-and-operations/BUSINESS_AND_OPERATIONS_IMPACT_REPORT.pdf,2955465,D6B3A99F5B0DF3FC03598A983A41405858C1AA80A104FFDC9401AA1C5F2EDA5F,True,2955465,D6B3A99F5B0DF3FC03598A983A41405858C1AA80A104FFDC9401AA1C5F2EDA5F,MATCH
AI-IDP-05-IMPACT-REPORTS.zip,impact/human-resources/HR_AND_LABOUR_IMPACT_REPORT.md,13340,30F3376ADEE86D3E5765212BFECE9989EB9AA6C8913BB0FDDC8A4AC2314115F7,True,13340,30F3376ADEE86D3E5765212BFECE9989EB9AA6C8913BB0FDDC8A4AC2314115F7,MATCH
AI-IDP-05-IMPACT-REPORTS.zip,impact/human-resources/HR_AND_LABOUR_IMPACT_REPORT.pdf,2949449,3D5E0FF17CB794176E279DB2D0D6E19CD1F6F406B10BF8D6DD8DDF5622FF4DCA,True,2949449,3D5E0FF17CB794176E279DB2D0D6E19CD1F6F406B10BF8D6DD8DDF5622FF4DCA,MATCH
AI-IDP-05-IMPACT-REPORTS.zip,impact/societal/SOCIETAL_IMPACT_ASSESSMENT.md,13661,8E4149F7AE975C5F73CE179BDA63AA94573BF37173983E13E2DE6BFE2AD4C12E,True,13661,8E4149F7AE975C5F73CE179BDA63AA94573BF37173983E13E2DE6BFE2AD4C12E,MATCH
AI-IDP-05-IMPACT-REPORTS.zip,impact/societal/SOCIETAL_IMPACT_ASSESSMENT.pdf,2949513,25DDB1838A07A3CECDE6ED24FA19116E199D765FF7B8F5FD9D3CCC1C15014C91,True,2949513,25DDB1838A07A3CECDE6ED24FA19116E199D765FF7B8F5FD9D3CCC1C15014C91,MATCH
AI-IDP-06-UNIVERSITY-TECHNICAL.zip,technical/AEGISTRACE_TECHNICAL_ARCHITECTURE.md,19428,3EDC6F856D19B08A677F3D20AE41520F0B9E9741994BF43485E33136A6F97170,True,19428,3EDC6F856D19B08A677F3D20AE41520F0B9E9741994BF43485E33136A6F97170,MATCH
AI-IDP-06-UNIVERSITY-TECHNICAL.zip,technical/AEGISTRACE_TECHNICAL_ARCHITECTURE.pdf,2955365,1D7FD2C22EF000C72A33C4FEBEFE7F4F27B56F0545C87DC35A0DAB122749F6CF,True,2955365,1D7FD2C22EF000C72A33C4FEBEFE7F4F27B56F0545C87DC35A0DAB122749F6CF,MATCH
AI-IDP-06-UNIVERSITY-TECHNICAL.zip,technical/ARCHITECTURE_TECHNIQUE_FR.md,12240,6F8A3ED62992F6A194995F250967113F083BAD3C502F1B07DC3DC88D9C901AB6,True,12240,6F8A3ED62992F6A194995F250967113F083BAD3C502F1B07DC3DC88D9C901AB6,MATCH
AI-IDP-06-UNIVERSITY-TECHNICAL.zip,technical/ARCHITECTURE_TECHNIQUE_FR.pdf,2951785,44A59CFE1B83514B05C87AA11AA4EF4E087774D5D805DEB66FC18436929AEDD7,True,2951785,44A59CFE1B83514B05C87AA11AA4EF4E087774D5D805DEB66FC18436929AEDD7,MATCH
AI-IDP-06-UNIVERSITY-TECHNICAL.zip,threat-model/THREAT_MODEL.md,14311,283523960414CDF41D8449573C51432B5EE1BA72F5DBA170A3966E845662BA64,True,14311,283523960414CDF41D8449573C51432B5EE1BA72F5DBA170A3966E845662BA64,MATCH
AI-IDP-06-UNIVERSITY-TECHNICAL.zip,university/UNIVERSITY_RESEARCH_REPORT.docx,45415,8EE8987D6C7A1ADBE9A6D44F59DC4B0DF0CD93963974A01163A18FD0CE1D9527,True,45415,8EE8987D6C7A1ADBE9A6D44F59DC4B0DF0CD93963974A01163A18FD0CE1D9527,MATCH
AI-IDP-06-UNIVERSITY-TECHNICAL.zip,university/UNIVERSITY_RESEARCH_REPORT.md,26257,F679C6149B59073F05F60D3745AAC3F9FF584988371665556EBBB0261015D938,True,26257,F679C6149B59073F05F60D3745AAC3F9FF584988371665556EBBB0261015D938,MATCH
AI-IDP-06-UNIVERSITY-TECHNICAL.zip,university/UNIVERSITY_RESEARCH_REPORT.pdf,2959613,EB3DB132E98FB94FA3B90A355289BE25C694073B546827E8D7D6AB138F17B875,True,2959613,EB3DB132E98FB94FA3B90A355289BE25C694073B546827E8D7D6AB138F17B875,MATCH
AI-IDP-07-RESEARCH.zip,administration/ADMINISTRATIVE_IMPLEMENTATION_PLAN.md,3444,DBE484F73EC7820E51753509A96F07A68262A3C463BBF67C9193F8137ED362AA,True,3444,DBE484F73EC7820E51753509A96F07A68262A3C463BBF67C9193F8137ED362AA,MATCH
AI-IDP-07-RESEARCH.zip,administration/APPEALS_AND_CORRECTIONS.md,1824,92287E54DA6AA989FB29B4A0670D069E489D4538E73E079AE7B4440FE73DE352,True,1824,92287E54DA6AA989FB29B4A0670D069E489D4538E73E079AE7B4440FE73DE352,MATCH
AI-IDP-07-RESEARCH.zip,administration/GOVERNANCE_OPERATING_MODEL.md,1798,2ED1316369F0D1A65F0226AB06D8D3B182DE7DADAE18965C39C2A0EA15FB5488,True,1798,2ED1316369F0D1A65F0226AB06D8D3B182DE7DADAE18965C39C2A0EA15FB5488,MATCH
AI-IDP-07-RESEARCH.zip,docs/api-guide.md,1886,BA591EE5A7E12B20AAF91E7C61D3FD22C3D3ECED942012E7F14A210AEB3F7612,True,1886,BA591EE5A7E12B20AAF91E7C61D3FD22C3D3ECED942012E7F14A210AEB3F7612,MATCH
AI-IDP-07-RESEARCH.zip,docs/architecture-guide.md,3892,622470485E2A7AB7836110E47D9D85F6CBE357EA671FC1000EC650709E24F1D3,True,3892,622470485E2A7AB7836110E47D9D85F6CBE357EA671FC1000EC650709E24F1D3,MATCH
AI-IDP-07-RESEARCH.zip,docs/auditor-guide.md,2179,BD9093ADDA377C156682AD17F08CC79B452A4D126863B61F40FCB6FD5191FD0D,True,2179,BD9093ADDA377C156682AD17F08CC79B452A4D126863B61F40FCB6FD5191FD0D,MATCH
AI-IDP-07-RESEARCH.zip,docs/certification-guide.md,1796,394AA4E3A73862D08BD460C3320F51C65715EA4CABD623D2E9CD34955750E300,True,1796,394AA4E3A73862D08BD460C3320F51C65715EA4CABD623D2E9CD34955750E300,MATCH
AI-IDP-07-RESEARCH.zip,docs/cli-guide.md,1973,A0DDD281611AD6FD70E78423890A935DC1679DFDCB699B7E50F1013DD2CCBAD7,True,1973,A0DDD281611AD6FD70E78423890A935DC1679DFDCB699B7E50F1013DD2CCBAD7,MATCH
AI-IDP-07-RESEARCH.zip,docs/developer-guide.md,4423,C6AD56B1280179A60FEF410169B61E44C86E50B41A9DD255D0C317F2EF528660,True,4423,C6AD56B1280179A60FEF410169B61E44C86E50B41A9DD255D0C317F2EF528660,MATCH
AI-IDP-07-RESEARCH.zip,docs/federation-guide.md,2170,3DE211FA00FD20D545C6944E176B17D176368A2B61F48042D43BD7AB60A138FD,True,2170,3DE211FA00FD20D545C6944E176B17D176368A2B61F48042D43BD7AB60A138FD,MATCH
AI-IDP-07-RESEARCH.zip,docs/migration-guide.md,1421,8ABF9F121A5B4FCC6B05FBE1EDF37E73D14285C420467E8617AA73071BB49542,True,1421,8ABF9F121A5B4FCC6B05FBE1EDF37E73D14285C420467E8617AA73071BB49542,MATCH
AI-IDP-07-RESEARCH.zip,docs/offline-guide.md,1901,9D4604982549B7C2E301A59C8CD873F241C14B907E684A549152C8DB7D941BF9,True,1901,9D4604982549B7C2E301A59C8CD873F241C14B907E684A549152C8DB7D941BF9,MATCH
AI-IDP-07-RESEARCH.zip,docs/privacy-guide.md,1747,79ECAE3E360E9ABBD159AA39629D3ED8F4C1BCCA7CCBBD1F86D2ED1E219D6A98,True,1747,79ECAE3E360E9ABBD159AA39629D3ED8F4C1BCCA7CCBBD1F86D2ED1E219D6A98,MATCH
AI-IDP-07-RESEARCH.zip,docs/quickstart.md,1558,54F0FB455C8845DB6E32F164C8DDDE0F5CF6C7A0B5E9EEF295A70B37862FB22B,True,1558,54F0FB455C8845DB6E32F164C8DDDE0F5CF6C7A0B5E9EEF295A70B37862FB22B,MATCH
AI-IDP-07-RESEARCH.zip,docs/recovery-guide.md,1287,26487EF2AAE5046129EA928711030BBDFF6CE433D7C709ED8F65B1533C69E6C3,True,1287,26487EF2AAE5046129EA928711030BBDFF6CE433D7C709ED8F65B1533C69E6C3,MATCH
AI-IDP-07-RESEARCH.zip,docs/regulator-guide.md,2541,E8679E5065045BAA1E5CD5E1D808D2C3EC26C3DC7A70F87406955BD304533124,True,2541,E8679E5065045BAA1E5CD5E1D808D2C3EC26C3DC7A70F87406955BD304533124,MATCH
AI-IDP-07-RESEARCH.zip,docs/security-guide.md,1776,74FF876BBF0DA583EBB67B68C4698C3D720EE5E7587894E1DEF97E7999B2C4C8,True,1776,74FF876BBF0DA583EBB67B68C4698C3D720EE5E7587894E1DEF97E7999B2C4C8,MATCH
AI-IDP-07-RESEARCH.zip,examples/federal-coding-agent/README.md,2825,0A82A964FD39A887868C9BB502D12B4C446C284E980CA4E578B142ECAA35C236,True,2825,0A82A964FD39A887868C9BB502D12B4C446C284E980CA4E578B142ECAA35C236,MATCH
AI-IDP-07-RESEARCH.zip,examples/incident-reconstruction/README.md,2856,9B5B64A1285F22A4826C5224BD16DA19395ABA52243058DC7B80061E7D413D80,True,2856,9B5B64A1285F22A4826C5224BD16DA19395ABA52243058DC7B80061E7D413D80,MATCH
AI-IDP-07-RESEARCH.zip,examples/vibe-coding-project/README.md,1885,48E4540638C329B68067B1CA75D4697DDD5DF34D1C125EC65640C1EED5B7B758,True,1885,48E4540638C329B68067B1CA75D4697DDD5DF34D1C125EC65640C1EED5B7B758,MATCH
AI-IDP-07-RESEARCH.zip,research/contradictions/CONTRADICTION_REGISTER.md,6845,FCF84EDFBB0F9280A2124E4140D586E36D682B58DE6029A9ECDE2BC512B7A669,True,6845,FCF84EDFBB0F9280A2124E4140D586E36D682B58DE6029A9ECDE2BC512B7A669,MATCH
AI-IDP-07-RESEARCH.zip,research/protocol/AGENTSWARM_PROCEDURE.md,2273,3A04FCC84DDE9283A794654C3A0B02E307E5076805F2DD58AD96F07B6D5A64EA,True,2273,3A04FCC84DDE9283A794654C3A0B02E307E5076805F2DD58AD96F07B6D5A64EA,MATCH
AI-IDP-07-RESEARCH.zip,research/protocol/RESEARCH_PROTOCOL.md,5021,5C2AA247C2A6E62B1E71BBAE6ED9D943BC790CB49595DED6179394B17DC376EA,True,5021,5C2AA247C2A6E62B1E71BBAE6ED9D943BC790CB49595DED6179394B17DC376EA,MATCH
AI-IDP-07-RESEARCH.zip,research/registers/EVIDENCE_REGISTER.csv,7375,54B75297738F4E68E13873379677A3EE61AAF7BFBC27C122AEEB5A6E74334647,True,7375,54B75297738F4E68E13873379677A3EE61AAF7BFBC27C122AEEB5A6E74334647,MATCH
AI-IDP-07-RESEARCH.zip,research/synthesis/CROSS_DOMAIN_SYNTHESIS.md,4209,9CD4D94EC1762B216B4C1B79B15AAA127DC79E3E5D50BE6D1398AB2CFAD8B07A,True,4209,9CD4D94EC1762B216B4C1B79B15AAA127DC79E3E5D50BE6D1398AB2CFAD8B07A,MATCH
AI-IDP-07-RESEARCH.zip,research/synthesis/INDIGENOUS_DATA_GOVERNANCE_ANALYSIS.md,4491,85649E504462545C7714EBA91D66B652CF72BA41144DE1202771A0B87D67666C,True,4491,85649E504462545C7714EBA91D66B652CF72BA41144DE1202771A0B87D67666C,MATCH
AI-IDP-07-RESEARCH.zip,research/synthesis/PRIOR_ART_AND_NOVELTY_ANALYSIS.md,3904,860524E9363C0F3F6B3FC8BB99282BDE6C7E3BF721A719A7D01CFA6AFDED7F51,True,3904,860524E9363C0F3F6B3FC8BB99282BDE6C7E3BF721A719A7D01CFA6AFDED7F51,MATCH
AI-IDP-07-RESEARCH.zip,research/synthesis/STANDARDS_CROSSWALK.md,1692,5AA3200C0BF6AFDC3928DAB6B3789B20C45EA5875FF36D50E48D0825CB79ADBF,True,1692,5AA3200C0BF6AFDC3928DAB6B3789B20C45EA5875FF36D50E48D0825CB79ADBF,MATCH
AI-IDP-07-RESEARCH.zip,science/HYPOTHESES.md,843,E472B9BEE039AA3350C4FE62AEFAD3128FD6B8077F8D790DDFFF0BF4598A8F1A,True,843,E472B9BEE039AA3350C4FE62AEFAD3128FD6B8077F8D790DDFFF0BF4598A8F1A,MATCH
AI-IDP-07-RESEARCH.zip,science/RESULTS_REPORT.md,2235,C416A590FF4FCECA58CD5B6E202AFFF8D5382DFF12A09C84587FE99D02557F21,True,2235,C416A590FF4FCECA58CD5B6E202AFFF8D5382DFF12A09C84587FE99D02557F21,MATCH
AI-IDP-07-RESEARCH.zip,science/SCIENTIFIC_METHOD.md,2579,5B8EBA0A1DDED422BAEDFC7B23E6506D9637B720A9E5465E262450F9AD1946CB,True,2579,5B8EBA0A1DDED422BAEDFC7B23E6506D9637B720A9E5465E262450F9AD1946CB,MATCH
AI-IDP-08-PROJECT-CONTROL.zip,project-control/ARTIFACT_MANIFEST.csv,17811,B2F5626586E51C76C7C8250DE26DC4B4760591AD9EDEF51835F5449552E46513,True,17811,B2F5626586E51C76C7C8250DE26DC4B4760591AD9EDEF51835F5449552E46513,MATCH
AI-IDP-08-PROJECT-CONTROL.zip,project-control/ASSUMPTION_REGISTER.md,6074,D5ED5984F6C58BF69D72EC84A52E22CF4D68DD0A867DD13D6574E8BD2B629409,True,6074,D5ED5984F6C58BF69D72EC84A52E22CF4D68DD0A867DD13D6574E8BD2B629409,MATCH
AI-IDP-08-PROJECT-CONTROL.zip,project-control/AUDIT_REPORT_v2.0.0.md,541,DB4CE876D22D0A11541AA45B546C5FA4011D58BDFF2AAD8818F97F1D161FE0FC,True,541,DB4CE876D22D0A11541AA45B546C5FA4011D58BDFF2AAD8818F97F1D161FE0FC,MATCH
AI-IDP-08-PROJECT-CONTROL.zip,project-control/BLOCKER_REGISTER.md,5266,22D67AEBE5A41ADC3DE05C22ED0D3216FFD6C3825F93F6FF269A9E2F0AA14F16,True,5266,22D67AEBE5A41ADC3DE05C22ED0D3216FFD6C3825F93F6FF269A9E2F0AA14F16,MATCH
AI-IDP-08-PROJECT-CONTROL.zip,project-control/CHECKPOINT.md,3950,AA5BDD60BFA1E0A23C1BFE32F1D60E28160E3399D125A2D999C61D7CD6525A30,True,3950,AA5BDD60BFA1E0A23C1BFE32F1D60E28160E3399D125A2D999C61D7CD6525A30,MATCH
AI-IDP-08-PROJECT-CONTROL.zip,project-control/DECISION_LOG.md,8710,59E65DCF031F0A6FD3E54F19904566F052FAE4B75D3301269B75EF637F02FEBE,True,8710,59E65DCF031F0A6FD3E54F19904566F052FAE4B75D3301269B75EF637F02FEBE,MATCH
AI-IDP-08-PROJECT-CONTROL.zip,project-control/HANDOFF.md,2805,261700F73E94CFDAA9720552F76A9D177B7F116D77331C48C870FA7F29147F1E,True,2805,261700F73E94CFDAA9720552F76A9D177B7F116D77331C48C870FA7F29147F1E,MATCH
AI-IDP-08-PROJECT-CONTROL.zip,project-control/LEGAL_STATUS_UPDATE_v1.1.0.md,11801,3033309662F37CBEA7376CC1CEB1657DC415F3861766F1ADDA6A2C5FC1EBE5D3,True,11801,3033309662F37CBEA7376CC1CEB1657DC415F3861766F1ADDA6A2C5FC1EBE5D3,MATCH
AI-IDP-08-PROJECT-CONTROL.zip,project-control/LEGAL_STATUS_UPDATE_v2.0.0.md,12904,69700D52AA40BCEF4454780DEEF0BF8ACCA294DAF625D0E0488EC5D8795906D8,True,12904,69700D52AA40BCEF4454780DEEF0BF8ACCA294DAF625D0E0488EC5D8795906D8,MATCH
AI-IDP-08-PROJECT-CONTROL.zip,project-control/MASTER_TASK_GRAPH.json,4548,080F842DA85C9227837402387F81F3B8FC0114153AB150735724B994CF748DD5,True,4548,080F842DA85C9227837402387F81F3B8FC0114153AB150735724B994CF748DD5,MATCH
AI-IDP-08-PROJECT-CONTROL.zip,project-control/MISSING_AUTHOR_DATA.md,3077,4D0CD286FB03855C7F681E78CEE186A904F259F874B2E98DCCF36BB23F642518,True,3077,4D0CD286FB03855C7F681E78CEE186A904F259F874B2E98DCCF36BB23F642518,MATCH
AI-IDP-08-PROJECT-CONTROL.zip,project-control/PROJECT_STATUS.md,5456,A4A821C615FF74CCEBFABDE61B5B9FA9F06AC2D589225DDAEA9A3E7908CEC685,True,5456,A4A821C615FF74CCEBFABDE61B5B9FA9F06AC2D589225DDAEA9A3E7908CEC685,MATCH
AI-IDP-08-PROJECT-CONTROL.zip,project-control/PROTOCOL_DEVIATIONS.md,1923,36102C2ACD7EFE2AFD56F41CDA62F091029D0BB45B2375A7556E0F40E72BD976,True,1923,36102C2ACD7EFE2AFD56F41CDA62F091029D0BB45B2375A7556E0F40E72BD976,MATCH
AI-IDP-08-PROJECT-CONTROL.zip,project-control/PUBLICATION_METADATA_STATUS.md,3161,EED7AE146D9C1E2EDEB9B1D9DA26BD441CA49F54A27D278120E874955F89E647,True,3161,EED7AE146D9C1E2EDEB9B1D9DA26BD441CA49F54A27D278120E874955F89E647,MATCH
AI-IDP-08-PROJECT-CONTROL.zip,project-control/RECOVERY_INSTRUCTIONS.md,2834,651383021493F11EC6A71DEF409A2655364EC5F37EC2785C5F23D22F583B5EC7,True,2834,651383021493F11EC6A71DEF409A2655364EC5F37EC2785C5F23D22F583B5EC7,MATCH
AI-IDP-08-PROJECT-CONTROL.zip,project-control/RISK_REGISTER.md,3640,D42D095315DEF924671E8448CE363EFD5B9795763CBDAC4021D9A74ED0F1EA97,True,3640,D42D095315DEF924671E8448CE363EFD5B9795763CBDAC4021D9A74ED0F1EA97,MATCH
AI-IDP-08-PROJECT-CONTROL.zip,project-control/RUN_LOG.jsonl,13173,014E8785DA108E58131DEF21FB86B254532E511A93FE33652A9B5E9E29078E41,True,13173,014E8785DA108E58131DEF21FB86B254532E511A93FE33652A9B5E9E29078E41,MATCH
AI-IDP-08-PROJECT-CONTROL.zip,project-control/SOURCE_GAP_REGISTER.md,2344,1ED65BFFE53172A3AF9BD08C7FE57AB1238CED0363C4F0D056E0C36CD284854A,True,2344,1ED65BFFE53172A3AF9BD08C7FE57AB1238CED0363C4F0D056E0C36CD284854A,MATCH
AI-IDP-08-PROJECT-CONTROL.zip,project-control/VALIDATION_STATUS.md,6756,AAB06CB6561B9A8EEA470D7F932C290C63D0FF8E3E7B865D183D4F8EBDA66B62,True,6756,AAB06CB6561B9A8EEA470D7F932C290C63D0FF8E3E7B865D183D4F8EBDA66B62,MATCH
AI-IDP-08-PROJECT-CONTROL.zip,project-control/VERIFIED_AUTHOR_DATA.md,7338,404767CF83214100BCA2399A63BF32DEE54A627E1637F3BE0C99BC31A37D80CD,True,7338,404767CF83214100BCA2399A63BF32DEE54A627E1637F3BE0C99BC31A37D80CD,MATCH
AI-IDP-08-PROJECT-CONTROL.zip,project-control/VERIFIED_CONTACT_DATA.json,3409,6757978CD607A134B761FDDD2B16B8D663C8B5948A7FCB7747F515D0E7FF416B,True,3409,6757978CD607A134B761FDDD2B16B8D663C8B5948A7FCB7747F515D0E7FF416B,MATCH
AI-IDP-08-PROJECT-CONTROL.zip,release/CHECKSUMS.sha256,26237,18F2833BC1959EF22442F1483C1DA45F369F098F651128283285B164309AB37B,True,26237,18F2833BC1959EF22442F1483C1DA45F369F098F651128283285B164309AB37B,MATCH
AI-IDP-08-PROJECT-CONTROL.zip,release/FINAL_COMPLETION_REPORT.md,12872,73300D18259E4DC7EB73FAB3CFF355A1C5AC32080BB6C7190FE7122282F4B6BC,True,12872,73300D18259E4DC7EB73FAB3CFF355A1C5AC32080BB6C7190FE7122282F4B6BC,MATCH
AI-IDP-08-PROJECT-CONTROL.zip,release/VALIDATION_REPORT.md,8701,81BF8FD480D80E9E70FCA7D787F300DD9AFF3BBD997ECE8DFC0E0623CAC97958,True,8701,81BF8FD480D80E9E70FCA7D787F300DD9AFF3BBD997ECE8DFC0E0623CAC97958,MATCH
AI-IDP-08-PROJECT-CONTROL.zip,release/metadata/author.json,912,8289D37366FA62C5B7BECD6BA9E5510059168532417FBA7D0B895167F2328BA7,True,912,8289D37366FA62C5B7BECD6BA9E5510059168532417FBA7D0B895167F2328BA7,MATCH
AI-IDP-08-PROJECT-CONTROL.zip,release/metadata/contact.json,1540,650955E9A613DA150D999F28719904E8D46AB09681BF226A03CC0A94E8B6B35A,True,1540,650955E9A613DA150D999F28719904E8D46AB09681BF226A03CC0A94E8B6B35A,MATCH
AI-IDP-08-PROJECT-CONTROL.zip,release/metadata/organization.json,1567,EEBDE68315AE08080061831F023AB90A500CE395D6ACCCB6DDC44EA279AD3355,True,1567,EEBDE68315AE08080061831F023AB90A500CE395D6ACCCB6DDC44EA279AD3355,MATCH
AI-IDP-08-PROJECT-CONTROL.zip,release/metadata/publication_metadata.json,2534,3A95224FD56F97BA98D950084D15D39A424E91B718D63650F7DD1CDDFAD60827,True,2534,3A95224FD56F97BA98D950084D15D39A424E91B718D63650F7DD1CDDFAD60827,MATCH
AI-IDP-08-PROJECT-CONTROL.zip,release/release_summary.json,2238,DEEB8E49D9F5CEFDEF16FA0A340D28A0CBE02E43D9851AF43EA259FCCB5BB694,True,2238,DEEB8E49D9F5CEFDEF16FA0A340D28A0CBE02E43D9851AF43EA259FCCB5BB694,MATCH
AI-IDP-09-BRAND.zip,brand/AUTHOR_IDENTITY.md,3947,EA6DD4EEF617E7035C15BB6CB7910C1E37544C1467710B3E45F59997AF5CCB17,True,3947,EA6DD4EEF617E7035C15BB6CB7910C1E37544C1467710B3E45F59997AF5CCB17,MATCH
AI-IDP-09-BRAND.zip,brand/CONTACT_BLOCKS.md,2686,87703435EAC590EE2FF7B47734848AB24936E6F84EDEB8190B9723E27F9BD896,True,2686,87703435EAC590EE2FF7B47734848AB24936E6F84EDEB8190B9723E27F9BD896,MATCH
AI-IDP-09-BRAND.zip,brand/DOCUMENT_IDENTITY_RULES.md,5445,D1C01D1E112FE489A496CF6E0EE5A577F52C9EF306DE96414FF51B5A1DBE3A07,True,5445,D1C01D1E112FE489A496CF6E0EE5A577F52C9EF306DE96414FF51B5A1DBE3A07,MATCH
AI-IDP-09-BRAND.zip,brand/originals/CI-Logo-3D-Hexagon-Gold-Cyan-Violet_Official-Brand-Identity-Transparent-V2.png,1586326,E62028872D4004DEB8908E38E6085784BA1BBD733E7404D0376EF64D6E296822,True,1586326,E62028872D4004DEB8908E38E6085784BA1BBD733E7404D0376EF64D6E296822,MATCH
AI-IDP-09-BRAND.zip,brand/originals/CI-Logo-Brand-Lockup-Horizontal_Cognitive-Industries-Bilingual-Gold-Text-Transparent.png,2216173,C5ED7859F5D7CD5AC4CD174C42F9D0437AE7A2511D9BA25925A3375292ED1D19,True,2216173,C5ED7859F5D7CD5AC4CD174C42F9D0437AE7A2511D9BA25925A3375292ED1D19,MATCH
AI-IDP-09-BRAND.zip,brand/originals/Cognitive_industries_Brandcard_guidelines_and_branding_id.png,2744095,B637F33261EF2E830E807DD00AA3AC6811A6F29E3120D229B09A9B0D8DBBCBF9,True,2744095,B637F33261EF2E830E807DD00AA3AC6811A6F29E3120D229B09A9B0D8DBBCBF9,MATCH
AI-IDP-09-BRAND.zip,brand/originals/SHA256SUMS.txt,428,F973CEFA32A6DA3988FC862E8A31271E1FED2CDA88EF7C2CA829008A95187BA1,True,428,F973CEFA32A6DA3988FC862E8A31271E1FED2CDA88EF7C2CA829008A95187BA1,MATCH
AI-IDP-10-ROOT-AND-DELIVERABLES.zip,.gitattributes,1011,DD533242EB29887A9252046BD0C4408D701319D3B2A2D0787BDCFBA924795A40,True,1011,DD533242EB29887A9252046BD0C4408D701319D3B2A2D0787BDCFBA924795A40,MATCH
AI-IDP-10-ROOT-AND-DELIVERABLES.zip,.gitignore,1671,32FB9288AC8BDD61882E1892BE7914B3558EFCD501A28F030C91BA01AD68AE2A,True,1671,32FB9288AC8BDD61882E1892BE7914B3558EFCD501A28F030C91BA01AD68AE2A,MATCH
AI-IDP-10-ROOT-AND-DELIVERABLES.zip,AGENTS.md,2624,76C8A12ADD7A2D48C640DD3F2620572DC2C6FFEF106F5558C7E30F8FC08761B0,True,2624,76C8A12ADD7A2D48C640DD3F2620572DC2C6FFEF106F5558C7E30F8FC08761B0,MATCH
AI-IDP-10-ROOT-AND-DELIVERABLES.zip,ARTIFACT_MANIFEST.md,1951,AC2A2F7D13756147592336BB46A560080C427785EEA7136A7276A857A101E764,True,1951,AC2A2F7D13756147592336BB46A560080C427785EEA7136A7276A857A101E764,MATCH
AI-IDP-10-ROOT-AND-DELIVERABLES.zip,ARXIV_SUBMISSION_INSTRUCTIONS.md,10364,2AEF3CC6018302BED09020652BC2F423BF6A9046DBA31CE0658CFADC5390535B,True,10364,2AEF3CC6018302BED09020652BC2F423BF6A9046DBA31CE0658CFADC5390535B,MATCH
AI-IDP-10-ROOT-AND-DELIVERABLES.zip,ASSUMPTIONS.md,1728,85EF51C99ED4EE5837A83033D2B2237C72CC756254CCCE6336F973FE350DC946,True,1728,85EF51C99ED4EE5837A83033D2B2237C72CC756254CCCE6336F973FE350DC946,MATCH
AI-IDP-10-ROOT-AND-DELIVERABLES.zip,AUTHORS.md,2010,5CF25EDAD210034A186B3B4F8B9BAA834D7AB28BC1C4E608CC1CF0B755C5E912,True,2010,5CF25EDAD210034A186B3B4F8B9BAA834D7AB28BC1C4E608CC1CF0B755C5E912,MATCH
AI-IDP-10-ROOT-AND-DELIVERABLES.zip,AUTHORSHIP_AND_IP.md,3993,ABC1B0F571D4253E679D09423147D8805BBA5267B3E537D38A0B5C54FDAD7A97,True,3993,ABC1B0F571D4253E679D09423147D8805BBA5267B3E537D38A0B5C54FDAD7A97,MATCH
AI-IDP-10-ROOT-AND-DELIVERABLES.zip,BUILD_WINDOWS.bat,5285,83F449B18DE3547DDEA61FB7DBFEDE94F7C0812FE209622CD49A738BBA8A760B,True,5285,83F449B18DE3547DDEA61FB7DBFEDE94F7C0812FE209622CD49A738BBA8A760B,MATCH
AI-IDP-10-ROOT-AND-DELIVERABLES.zip,CHANGELOG.md,9439,AB26554CFC4610689313E00AFCABE0FF97903ED43484AC1046F85C5231191411,True,9439,AB26554CFC4610689313E00AFCABE0FF97903ED43484AC1046F85C5231191411,MATCH
AI-IDP-10-ROOT-AND-DELIVERABLES.zip,CITATION.cff,1236,A92434C52A0515A69F629695B4742041A2E9F1A88A4138B67D084D4CC23357A4,True,1236,A92434C52A0515A69F629695B4742041A2E9F1A88A4138B67D084D4CC23357A4,MATCH
AI-IDP-10-ROOT-AND-DELIVERABLES.zip,CODE_OF_CONDUCT.md,1920,5F200FE771BE2B90B091A8E01429E7BEEA6AEDF05721D22280A3A642C25B04A2,True,1920,5F200FE771BE2B90B091A8E01429E7BEEA6AEDF05721D22280A3A642C25B04A2,MATCH
AI-IDP-10-ROOT-AND-DELIVERABLES.zip,CONTRIBUTING.md,1999,7130E37F5351D698CB52A1372DB611CC4EF07C8512D265979953531311021E95,True,1999,7130E37F5351D698CB52A1372DB611CC4EF07C8512D265979953531311021E95,MATCH
AI-IDP-10-ROOT-AND-DELIVERABLES.zip,DOCUMENT_OFFICIEL_PROJET_FR.pdf,2956932,EA6D7FDA0176A2C7520FF905F045A49953A94036C53CEFC9B3DCC6DAA268A535,True,2956932,EA6D7FDA0176A2C7520FF905F045A49953A94036C53CEFC9B3DCC6DAA268A535,MATCH
AI-IDP-10-ROOT-AND-DELIVERABLES.zip,FILING_INSTRUCTIONS.md,16437,62C17B3691603C665AC6AE222CD2642D801ACAD860027710B446802801728709,True,16437,62C17B3691603C665AC6AE222CD2642D801ACAD860027710B446802801728709,MATCH
AI-IDP-10-ROOT-AND-DELIVERABLES.zip,GITHUB_PUSH_INSTRUCTIONS.md,8480,F551346F896197188052C2DBA552B5BDF42E9D00792E8C50AD3901FA588B6A4A,True,8480,F551346F896197188052C2DBA552B5BDF42E9D00792E8C50AD3901FA588B6A4A,MATCH
AI-IDP-10-ROOT-AND-DELIVERABLES.zip,GOVERNANCE.md,2687,1D3870552D4F1AA05B4517E5A0746DBB3D8799BC9802DC937AD1E4390DC6EF37,True,2687,1D3870552D4F1AA05B4517E5A0746DBB3D8799BC9802DC937AD1E4390DC6EF37,MATCH
AI-IDP-10-ROOT-AND-DELIVERABLES.zip,HERMES_HANDOFF_PROMPT.md,8038,4B0BA49817A96A9CAE633DDA8E43749BE7FC71D18B144FDC5990291C37F89199,True,8038,4B0BA49817A96A9CAE633DDA8E43749BE7FC71D18B144FDC5990291C37F89199,MATCH
AI-IDP-10-ROOT-AND-DELIVERABLES.zip,LICENSE,560,7D450F83D78D07ED4E9FA5A5FAEB9565ED63333CFA9BEC9B7B2E19F581564E33,True,560,7D450F83D78D07ED4E9FA5A5FAEB9565ED63333CFA9BEC9B7B2E19F581564E33,MATCH
AI-IDP-10-ROOT-AND-DELIVERABLES.zip,LICENSING_STATUS.md,2318,1702948AC05403D089FED882EED47E738D840FBF88639DC92F6C066AF2DBACA0,True,2318,1702948AC05403D089FED882EED47E738D840FBF88639DC92F6C066AF2DBACA0,MATCH
AI-IDP-10-ROOT-AND-DELIVERABLES.zip,LIMITATIONS.md,3065,325880C24F5D014C9F268B21C5AF2511CA30A5DC6D0003CDFC1FB1916AF72B25,True,3065,325880C24F5D014C9F268B21C5AF2511CA30A5DC6D0003CDFC1FB1916AF72B25,MATCH
AI-IDP-10-ROOT-AND-DELIVERABLES.zip,LINKEDIN_CONTENT_TEMPLATES.md,16664,0895EF08BA709D131F46F76C268E3C42AFE5830B4F84F160E5F3C6FCAFFB91DA,True,16664,0895EF08BA709D131F46F76C268E3C42AFE5830B4F84F160E5F3C6FCAFFB91DA,MATCH
AI-IDP-10-ROOT-AND-DELIVERABLES.zip,MASTER_HANDOFF.md,1894,793E974462103BE3F9AA70E982C559CA8F3B2ED08EDD2B314C8DE8B2B8196F99,True,1894,793E974462103BE3F9AA70E982C559CA8F3B2ED08EDD2B314C8DE8B2B8196F99,MATCH
AI-IDP-10-ROOT-AND-DELIVERABLES.zip,NOTICE.md,3842,A35D3AEB1D087A55D12A0683CE60DC3560FDD178E646156721115A9B0EA8AD95,True,3842,A35D3AEB1D087A55D12A0683CE60DC3560FDD178E646156721115A9B0EA8AD95,MATCH
AI-IDP-10-ROOT-AND-DELIVERABLES.zip,OFFICIAL_EMAIL_TEMPLATES.md,23012,1AAF0CA1A80A45DE6DB50F59EFC190714C11F888DF7BA7E0E3D30632FB464C0F,True,23012,1AAF0CA1A80A45DE6DB50F59EFC190714C11F888DF7BA7E0E3D30632FB464C0F,MATCH
AI-IDP-10-ROOT-AND-DELIVERABLES.zip,OFFICIAL_PROJECT_DOCUMENT_EN.pdf,2953201,34D9975E76FC152DC755D76C88C8DC728350F89AB5F2CACE1E88F0203A5BC932,True,2953201,34D9975E76FC152DC755D76C88C8DC728350F89AB5F2CACE1E88F0203A5BC932,MATCH
AI-IDP-10-ROOT-AND-DELIVERABLES.zip,PRIVACY.md,3304,1FFC6F5E953436D3FC71AD10547F2B809C68ECDDB11CA589BF965887DFCBA195,True,3304,1FFC6F5E953436D3FC71AD10547F2B809C68ECDDB11CA589BF965887DFCBA195,MATCH
AI-IDP-10-ROOT-AND-DELIVERABLES.zip,PROJECT_CHARTER.md,4683,79BE70766F69506D3D79705199D25D7FE500532C48BDA0A635ECAEBE90A6A8FF,True,4683,79BE70766F69506D3D79705199D25D7FE500532C48BDA0A635ECAEBE90A6A8FF,MATCH
AI-IDP-10-ROOT-AND-DELIVERABLES.zip,PROJECT_SCOPE_LOCK.md,2286,644E7EB95A3D13E3B4F5AD9E28B39804B5E1DA333B051201E7ECEBE995F04599,True,2286,644E7EB95A3D13E3B4F5AD9E28B39804B5E1DA333B051201E7ECEBE995F04599,MATCH
AI-IDP-10-ROOT-AND-DELIVERABLES.zip,PUBLISHING_CONTENT.md,9184,7E3C11DE0E6996AA9541154B4314865E27E86E1473E14B9F307EBC4B36EC8902,True,9184,7E3C11DE0E6996AA9541154B4314865E27E86E1473E14B9F307EBC4B36EC8902,MATCH
AI-IDP-10-ROOT-AND-DELIVERABLES.zip,README.md,10811,6A6CFD0C2A1A09830E8E21001C8BD3A3B94364B1243E694EA41BEE39F2B73E15,True,10811,6A6CFD0C2A1A09830E8E21001C8BD3A3B94364B1243E694EA41BEE39F2B73E15,MATCH
AI-IDP-10-ROOT-AND-DELIVERABLES.zip,RELEASE_POLICY.md,2707,F45AF5C6F6FAF1630A9AFC5D142E477DC2A4B79C0C0564C6F14FCD76544054AA,True,2707,F45AF5C6F6FAF1630A9AFC5D142E477DC2A4B79C0C0564C6F14FCD76544054AA,MATCH
AI-IDP-10-ROOT-AND-DELIVERABLES.zip,REPLACE_PLACEHOLDERS.bat,4224,72D678D265AA31248EA0152D045B5F6AFB66D0FE4DA3ED53EC88A64934700B78,True,4224,72D678D265AA31248EA0152D045B5F6AFB66D0FE4DA3ED53EC88A64934700B78,MATCH
AI-IDP-10-ROOT-AND-DELIVERABLES.zip,SECURITY.md,3270,3DC0108C95BAE3B7505F826CFA8FCB7CF5DEB8B2DE61489F3FE7CA18781F71D1,True,3270,3DC0108C95BAE3B7505F826CFA8FCB7CF5DEB8B2DE61489F3FE7CA18781F71D1,MATCH
AI-IDP-10-ROOT-AND-DELIVERABLES.zip,SKILL.md,2642,8A4C9DE631ACC57CD24EE0A0BDB105AA92F13AE4F16ED3B2B253794AAF287513,True,2642,8A4C9DE631ACC57CD24EE0A0BDB105AA92F13AE4F16ED3B2B253794AAF287513,MATCH
AI-IDP-10-ROOT-AND-DELIVERABLES.zip,TRADEMARK_AND_BRAND_POLICY.md,2951,3A80B172BF1351196C7B583B34AEFD4F2FF524CEEC939D1112D776EDEB6246C1,True,2951,3A80B172BF1351196C7B583B34AEFD4F2FF524CEEC939D1112D776EDEB6246C1,MATCH
AI-IDP-10-ROOT-AND-DELIVERABLES.zip,WINDOWS_QUICK_START.md,3570,13AA6F3BA8B6462A91240CE54DE6952F07C66A445AF6F4BF431D4D80349E6878,True,3570,13AA6F3BA8B6462A91240CE54DE6952F07C66A445AF6F4BF431D4D80349E6878,MATCH
